"0","#create a trigram"
"0","unique_rows %>%"
"0","  filter(apcnf_benefits == ""no"") %>% "
"0","  filter(apcnf_scaling==""yes"") %>% "
"0","  unnest_tokens(trigram,scaling_yes_exp, token = ""ngrams"", n = 3) %>%"
"0","  filter(!is.na(trigram)) %>%"
"0","  separate(trigram, c(""word1"", ""word2"", ""word3""), sep = "" "") %>%"
"0","  filter(!word1 %in% stop_words$word,"
"0","         !word2 %in% stop_words$word,"
"0","         !word3 %in% stop_words$word) %>%"
"0","  count(word1, word2, word3,sort = TRUE) %>%"
"0","  unite(trigram, word1, word2,word3, sep = "" "")%>%View()"
